fold,GBM,GBM_uncorr
1,6.546721371345594,7.97000182698301
2,7.394142778814264,7.838657608567717
3,6.081524071981803,7.212932742886069
4,6.71200953724292,8.541005490959547
5,6.183615416518123,7.778830929010024
