fold,GBM,GBM_uncorr
1,6.390576547021162,6.631313499369086
2,6.372259365570743,6.628925767565587
3,6.7290360540801375,6.911884313299421
4,6.564833977186657,6.799900884038062
5,7.262647779268122,7.431840379505363
